<?xml version="1.0" encoding="UTF-8"?>
<!DOCTYPE hibernate-configuration PUBLIC "-//Hibernate/Hibernate Configuration DTD 3.0//EN" "http://hibernate.sourceforge.net/hibernate-configuration-3.0.dtd">
<hibernate-configuration>
  <session-factory>
    <property name="hibernate.dialect">org.hibernate.dialect.MySQLDialect</property>
    <property name="hibernate.connection.driver_class">com.mysql.jdbc.Driver</property>
    <property name="hibernate.connection.url">jdbc:mysql://localhost:3306/dbagro?zeroDateTimeBehavior=convertToNull</property>
    <property name="hibernate.connection.username">root</property>
    <property name="hibernate.connection.password">root</property>
    <property name="hibernate.show_sql">true</property>
    <property name="hibernate.connection.autocommit">true</property>
    
     <mapping resource="resources/hbm/TipoSuelo.hbm.xml"/>
    <mapping resource="resources/hbm/EstadoCampo.hbm.xml"/>
    <mapping resource="resources/hbm/Campo.hbm.xml"/>
    <mapping resource="resources/hbm/Lote.hbm.xml"/>    
     
  </session-factory>



</hibernate-configuration>
