<?xml version="1.0" encoding="UTF-8"?>
<!DOCTYPE hibernate-mapping PUBLIC "-//Hibernate/Hibernate Mapping DTD 3.0//EN" "http://hibernate.sourceforge.net/hibernate-mapping-3.0.dtd">
<hibernate-mapping>
  <class name="agro.srl.poo.Campo" table="campo">
      <id name="id" column="id_factura">
          <generator class="increment" />
      </id>
      <property name="nombre" column="nombre"  />
      <property name="superficie" column="superficie"  />
      <many-to-one name="estadoCampo" class="agro.srl.poo.EstadoCampo" column="id_estado_campo" lazy="false" />
      
      <bag name="lotes" cascade="all" lazy="false">
          <key column="id" not-null="true" />
          <one-to-many class="agro.srl.poo.Lote" />
      </bag>
  </class>
</hibernate-mapping>
