<?xml version="1.0" encoding="UTF-8"?>
<!DOCTYPE hibernate-mapping PUBLIC "-//Hibernate/Hibernate Mapping DTD 3.0//EN" "http://hibernate.sourceforge.net/hibernate-mapping-3.0.dtd">
<hibernate-mapping>
    <class name="agro.srl.poo.Lote" table="lote">
      <id name="id" column="id_lote">
          <generator class="increment"/>
      </id>
      <property name="numero" />
      <property name="superficie" />
      <many-to-one name="tipoSuelo" class="agro.srl.poo.TipoSuelo" column="id_tipo_suelo" lazy="false" />
      
  </class>
    
    
 
</hibernate-mapping>
